Borough,CouncilDist,Food_Scrap_Drop_Off_Site_Name,Hours_from,Hours_to,Latitude,Location,Longitude,NTAName,Notes,ObjectId,Operation_Day,Open_Months,Serviced_by,Website,boroCD,ct2010,point,zip_code
Bronx,8,Brook Park,6pm,10am,40.809600830078125,494 East 141 St.,-73.918701171875,Mott Haven-Port Morris,,,Saturday,Year Round,Brook Park,,201,4000,POINT (-73.9187 40.809599),10454
Bronx,16,OPENING JULY 10: 170 Farmstand,05:30 PM,02:30 PM,40.83998489379883,"Townsend Ave & 170 St, Bronx",-73.91681671142578,West Concourse,,,Wednesdays,"Seasonal Market, July-November",GrowNYC,https://www.grownyc.org/compost/locations; https://newsettlement.org/food/170farmstand/,204,223,POINT (-73.91682 40.839985),10452
Manhattan,3,Hudson Blvd Park,06:00 PM,10:00 AM,40.75555419921875,5 Hudson Blvd East,-74.00035095214844,Hudson Yards-Chelsea-Flatiron-Union Square,,,Thursdays,Year Round,Hudson Yards/ Hell's Kitchen Alliance,hyhalliance.org,104,99,POINT (-74.000348 40.755554),10001
Staten Island,49,Olivet Heavenly Harvest,01:00 PM,10:00 AM,40.63019943237305,"97 Myrtle Avenue, Staten Island, NY",-74.115966796875,New Brighton-Silver Lake,,,Saturdays,"Seasonal, March-November",Olivet Presbyterian Church,www.olivetcares.org,501,4006,POINT (-74.115963 40.630199),10310
Brooklyn,43,4th Avenue Presbyterian Church,12:00 PM,Dawn,40.63547134399414,6753 4th Avenue,-74.02279663085938,Bay Ridge,,,Saturdays,Year Round,4th Avenue Presbyterian Church,http://www.fourthavenuepresbyterian.org/,310,1004,POINT (-74.0228 40.635473),11220
Brooklyn,45,Wyckoff Farmhouse Museum,04:00 PM,11:00 AM,40.6443977355957,5816 Clarendon Rd,-73.92073822021484,Rugby-Remsen Village,,,Fridays,Year Round,Wyckoff Farmhouse Museum,myckoffmuseum.org,317,3000,POINT (-73.920739 40.644399),11203
Manhattan,10,OPEN FOR SEASON: Fort Washington Greenmarket,3pm,8am,40.84215545654297,"168th Street at Fort Washington,New York,NY 10032",-73.94227600097656,Washington Heights South,,,Tuesday,"Seasonal Market, June-November",GrowNYC,http://www.grownyc.org/compost/locations,112,251,POINT (-73.94227826999997 40.842153850000045),10032
Manhattan,2,DeColores Community Yard,dusk,dawn,40.72543716430664,313 E 8th St,-73.9797134399414,Lower East Side,,,Everyday,Year Round,Loisaida United Neighborhood Gardens (LUNGS),http://www.lungsnyc.org/,103,2000,POINT (-73.97971 40.725436),10009
Bronx,17,Mary Mitchell Center,06:00 PM,10:00 AM,40.844940185546875,"2007 Mapes Ave, Bronx 10460 at E 178th St",-73.88741302490234,East Tremont,,,Monday,Year Round- following the DOE calendar. Please look at https://www.schools.nyc.gov/calendar for closures.,Mary Mitchell Center,http://themarymitchellfyc.org/,206,2001,POINT (-73.887411 40.844941),10460
Manhattan,6,B'nai Jeshurun Community House,9pm,7am,40.790374755859375,270 West 89th Street,-73.97599792480469,Upper West Side,,,Monday,Year Round,B'nai Jeshrun,www.bj.org,107,4001,POINT (-73.975999 40.79037300000001),10024
Manhattan,2,Union Square Greenmarket,5pm,8am,40.736820220947266,"E 17th St & Union Square E, New York, NY",-73.99004364013672,Hudson Yards-Chelsea-Flatiron-Union Square,,,Saturday,Year Round,NYC Compost Project,http://www.grownyc.org/compost/locations,105,50,POINT (-73.990043 40.736822),10003
Bronx,11,Lehman College,10:00 AM,08:00 AM,40.875587463378906,Lehman Quad near Shuster Hall,-73.89407348632813,Van Cortlandt Village,,,Mondays,Year Round,Serviced/Managed by Volunteers from Lehman College,,207,409,POINT (-73.8940735799999 40.87558854000008),10468
Manhattan,8,116th Street,10:30am,7:30am,40.798622131347656,116th & Lexington Ave - NW Corner,-73.94161987304688,East Harlem North,,,Wednesday,Year Round,GrowNYC,https://www.grownyc.org/compost-go,111,182,POINT (-73.94161893999996 40.798622280000075),10029
Manhattan,6,Central Park North (110th St),10:15am,7am,40.79824447631836,"110th, St. Nicholas, & Malcolm X - NW Corner (Public Plaza)",-73.95246124267578,Central Harlem South,,,Wednesday,Year Round,GrowNYC,https://www.grownyc.org/compost-go,110,186,POINT (-73.9524618199999 40.798243),10026
Brooklyn,42,UCC Youth Farm,06:00 PM,09:00 AM,40.66490936279297,613 New Lots Avenue,-73.88672637939453,East New York,,,Tuesdays,Year Round,East New York Farms!,https://ucceny.org/enyf/,305,2004,POINT (-73.88673 40.664909),11207
Manhattan,8,Pleasant Village Community Garden,dusk,dawn,40.7966194152832,342 Pleasant Ave.,-73.93159484863281,East Harlem North,,,Everyday,Year Round,Pleasant Village Community Garden,m.facebook.com/pleasantvillagecommunitygarden,111,3001,POINT (-73.931595 40.796619),10035
Manhattan,9,Harlem Grown,3pm,11am,40.813804626464844,118 W 134th St,-73.94281768798828,Central Harlem North-Polo Grounds,,,Sunday,Year Round,Harlem Grown,http://www.harlemgrown.org/,110,1000,POINT (-73.942816 40.813804),10030
Manhattan,9,Garden of Love,6pm,4pm,40.80439758300781,302 West 116 Street,-73.95604705810547,Central Harlem South,,,Tuesday,Year Round,Garden of Love,,110,2000,POINT (-73.956048 40.804396),10026
Staten Island,49,Compost Demonstration Site at Snug Harbor Cultural Center & Botanical Garden,Dusk,Dawn,40.64405059814453,"Compost Demonstration Site at Snug Harbor Cultural Center & Botanical Garden
1000 Richmond Terrace",-74.10175323486328,West New Brighton-New Brighton-St. George,,,Everyday,Year Round,NYC Compost Project,http://snug-harbor.org/compost/,501,3005,POINT (-74.101757 40.644052),10310
Manhattan,3,"Commuter Composting at 23rd Street C/E (Closed Thursday, 7/4 - Independence Day)",11am,8am,40.74529266357422,"West 23rd Street and 8th Avenue -SW Corner, New York, NY 10011",-73.99848937988281,Hudson Yards-Chelsea-Flatiron-Union Square,,,Tuesday,Year Round,NYC Compost Project,www.lesecologycenter.org,104,91,POINT (-73.99848786999996 40.74529306000005),10011
Brooklyn,38,Red Hook Community Farm,01:00 PM,10:30 AM,40.67222595214844,Otsego Street and Beard Street,-74.0110092163086,Carroll Gardens-Columbia Street-Red Hook,,,Saturdays,Year Round,NYC Compost Project,,306,53,POINT (-74.01100590999994 40.67222695000004),11231
Manhattan,7,The Brotherhood/Sister Sol,7pm,11am,40.824302673339844,512 West 143rd Street,-73.95000457763672,Hamilton Heights,,,Wednesday,Year Round,The Brotherhood/Sister Sol,https://brotherhood-sistersol.org/,109,2001,POINT (-73.950001 40.824301),10031
Brooklyn,34,Scholes Street Children's Garden,,,40.70847702026367,"134 Scholes St, Brooklyn, NY 11206",-73.94430541992188,East Williamsburg,,,Saturdays,Year Round,Scholes Street Children's Garden,www.nyrp.org,301,2000,POINT (-73.944309 40.708478),11206
Manhattan,7,The Brotherhood/Sister Sol,7pm,11am,40.824302673339844,512 West 143rd Street,-73.95000457763672,Hamilton Heights,,,Tuesday,Year Round,The Brotherhood/Sister Sol,https://brotherhood-sistersol.org/,109,2001,POINT (-73.950001 40.824301),10031
Bronx,17,PSS - Andrew Jackson Senior Center,1pm,9am,40.822330474853516,765 Courtlandt Avenue,-73.91825866699219,Melrose South-Mott Haven North,,,Monday,Year Round,PSS - Andrew Jackson Senior Center,https://www.grownyc.org/compost/locations,201,3000,POINT (-73.918258 40.822331),10451
Manhattan,1,Tribeca Greenmarket,1pm,8am,40.71630096435547,"Greenwich Street at Chambers Street,New York,NY",-74.0109634399414,Battery Park City-Lower Manhattan,,,Wednesday,Year Round,"GrowNYC, NYC Dept of Sanitation & Community Partners",http://www.grownyc.org/compost/locations,101,21,POINT (-74.0109663 40.71630244000005),10007
Manhattan,3,"Commuter Composting at 23rd Street C/E (Closed Thursday, 7/4 - Independence Day)",11am,8am,40.74529266357422,"West 23rd Street and 8th Avenue -SW Corner, New York, NY 10011",-73.99848937988281,Hudson Yards-Chelsea-Flatiron-Union Square,,,Thursday,Year Round,NYC Compost Project,www.lesecologycenter.org,104,91,POINT (-73.99848786999996 40.74529306000005),10011
Manhattan,3,Mathews-Palmer Park,9pm,7am,40.76139450073242,437 W 45 St,-73.99273681640625,Clinton,,,Everyday,"Seasonal, June - November",NYC Parks,https://www.nycgovparks.org/parks/matthews-palmer-playground,104,6000,POINT (-73.992737 40.761394),10036
Brooklyn,41,Iso Student Farm,12:00 PM,09:00 AM,40.66746520996094,514 Rockaway Avenue,-73.91048431396484,Brownsville,,,Wednesdays,Seasonal,Isabahlia LOE Foundation,www.isabahlialoeinc.org,316,1005,POINT (-73.910481 40.66746400000001),11212
Manhattan,2,CLOSED FOR SEASON: Peach Tree Garden,6pm,2pm,40.721675872802734,236 East 2nd Street,-73.98201751708984,Lower East Side,,,Wednesday,"Seasonal, April-October",Peach Tree Garden,,103,1001,POINT (-73.98202 40.721676),10009
Manhattan,9,FACES NY at 116th,2pm,10am,40.80215835571289,"114 West 116th, 10026",-73.95074462890625,Central Harlem South,,,Wednesday,Year Round,FACES NY,www.facesny.org,110,2000,POINT (-73.950743 40.802157),10026
Manhattan,2,Commuter Composting at 1st Ave and 1st St.,11am,8am,40.72293472290039,First Avenue between Houston and First Street (West Side),-73.98863983154297,Chinatown,,,Monday,Year Round,NYC Compost Project,www.lesecologycenter.org,103,3001,POINT (-73.98863936999999 40.72293374000003),10002
Bronx,17,The Point CDC,6pm,10am,40.81822204589844,940 Garrison Avenue,-73.89046478271484,Hunts Point,,,Monday,Year Round,The Point CDC,thepoint.org,202,2005,POINT (-73.890465 40.818221),10474
Queens,20,Queens Botanical Garden Public Food Scrap Drop-Off,"4:30 PM(Nov-Mar),06:00PM(Apr-Oct)",08:00 AM,40.751731872558594,"Parking Garden at QBG
42-80 Crommelin Avenue, Flushing, NY 11355",-73.83000183105469,Flushing,,,Sundays,Year Round,NYC Compost Project,https://queensbotanical.org,407,1004,POINT (-73.83000300000002 40.751732000000004),11355
Queens,25,JH Scraps,01:00 PM,11:00 AM,40.74986267089844,35-20 69th Street,-73.89630126953125,Jackson Heights,,,Saturdays,Year Round,JH Scraps,,403,4001,POINT (-73.896299 40.749864),11377
Manhattan,4,OPEN FOR SEASON: Bryant Park,2:30pm,12:30pm,40.75417709350586,6th Avenue and 41st Sreet,-73.9845962524414,Midtown-Midtown South,"For schedule, holiday, and inclement weather updates, please visit: http://bryantpark.org/programs/waste-sorting-concierge",,Thursday,"Seasonal, May-November",Bryant Park Corporation,http://bryantpark.org/programs/waste-sorting-concierge,105,84,POINT (-73.98459513999995 40.75417679000004),10018
Manhattan,9,Garden of Love,6pm,4pm,40.80439758300781,302 West 116 Street,-73.95604705810547,Central Harlem South,,,Thursday,Year Round,Garden of Love,,110,2000,POINT (-73.956048 40.804396),10026
Manhattan,3,Abingdon Square Greenmarket,1pm,8am,40.737548828125,"West 12 Street and 8 Avenue,New York,NY,10014",-74.00482940673828,West Village,,,Saturday,Year Round,GrowNYC,http://www.grownyc.org/compost/locations,102,77,POINT (-74.00482815 40.73754728000006),10014
Brooklyn,40,Parkside,10:00 AM,07:30 AM,40.65488052368164,"Ocean Ave & Parkside Ave, Brooklyn, NY 11226",-73.96188354492188,park-cemetery-etc-Brooklyn,,,Thursdays,Year Round,GrowNYC,https://www.grownyc.org/greenmarket/brooklyn/parkside,314,50803,POINT (-73.96188034999994 40.65488239000007),11226
Brooklyn,42,OPEN FOR SEASON: Pink Houses Community Farm,12:00 PM,10:00 AM,40.66829299926758,1257 Loring Avenue,-73.86444091796875,East New York,,,Tuesdays,"Seasonal Market, June-November",East New York Farms!,https://ucceny.org/enyf/,305,1000,POINT (-73.86444 40.668292),11208
Queens,26,Sunny Compost,04:00 PM,02:00 PM,40.75004577636719,"38-63-38-1 50th St, Woodside, NY 11377",-73.91375732421875,Hunters Point-Sunnyside-West Maspeth,,,Sundays,Year Round,Sunny Compost,www.sunnycompost.org,402,169,POINT (-73.91375400000001 40.750044),11104
Manhattan,6,B'nai Jeshurun Community House,9pm,7am,40.790374755859375,270 West 89th Street,-73.97599792480469,Upper West Side,,,Tuesday,Year Round,B'nai Jeshrun,www.bj.org,107,4001,POINT (-73.975999 40.79037300000001),10024
Manhattan,1,East River Park Compost Yard,Dusk,Dawn,40.710994720458984,"East River Park Compost Park (coordinates: 40.711055, -73.978847)",-73.9790267944336,Lower East Side,,,Everyday,Year Round,NYC Compost Project,,103,202,POINT (-73.979029 40.710994),10002
Queens,25,Commuter Composting at Grand Ave Newtown M/R,09:30 AM,07:30 AM,40.73714828491211,"86-55 Broadway, Queens, NY 11373",-73.87709045410156,Elmhurst,,,Mondays,Year Round,NYC Compost Project,https://queensbotanical.org/farmandcompost/,404,2004,POINT (-73.877092 40.73715),11373
Bronx,14,Bronx Cooperative Development Initiative,4pm,10am,40.861427307128906,2431 Morris Ave,-73.90023803710938,Fordham South,,,Wednesday,Year Round,Commonwise Education/ Bronx Cooperative Development Initiative,commonwise.nyc,205,1000,POINT (-73.900235 40.86142600000001),10468
Manhattan,7,Mobilization for Change Community Garden,dusk,dawn,40.799705505371094,955 Columbus Ave,-73.9621810913086,Morningside Heights,,,Everyday,Year Round,Mobilization for Change Community Garden,,107,3001,POINT (-73.962184 40.799704),10025
Bronx,16,161st Street - Yankee Stadium,11:15am,7:30am,40.82781219482422,"161st, River Ave - NE Corner",-73.9259262084961,West Concourse,,,Friday,Year Round,GrowNYC,https://www.grownyc.org/compost-go,204,63,POINT (-73.92592932999999 40.827811620000034),10451
Bronx,17,Kelly Street Garden,2pm,10am,40.82010269165039,924 Kelly Street,-73.8957290649414,Longwood,,,Saturday,"Seasonal, March-November",Kelly Street Garden,https://www.facebook.com/kellyst.garden/,202,2002,POINT (-73.895726 40.820101),10459
Manhattan,10,OPEN FOR SEASON: Morris- Jumel Community Garden,5pm,12pm,40.835777282714844,455-457 West 162nd Street,-73.93914031982422,Washington Heights South,,,Sunday,"Seasonal, April-October",Morris- Jumel Community Garden,https://morrisjumelcommunitygarden.wordpress.com/,112,2000,POINT (-73.939143 40.835777),10032
Manhattan,9,Harlem Grown,5pm,9am,40.813804626464844,118 W 134th St,-73.94281768798828,Central Harlem North-Polo Grounds,,,Tuesday,Year Round,Harlem Grown,http://www.harlemgrown.org/,110,1000,POINT (-73.942816 40.813804),10030
Bronx,15,OPENING JUNE 25: Poe Park Greenmarket,01:30 PM,08:00 AM,40.86421585083008,"E. 192 St. btwn Grand Concourse and Valentine, Bronx, NY, 10468",-73.89579772949219,Bedford Park-Fordham North,,,Tuesdays,"Seasonal, June-November",GrowNYC,http://www.grownyc.org/compost/locations,207,39901,POINT (-73.89579452999999 40.86421609000007),10458
Brooklyn,43,Bay Ridge Greenmarket,01:00 PM,08:00 AM,40.617279052734375,"3rd Ave & 95th Street, Brooklyn, NY 11209",-74.0335922241211,BK31,,,Saturdays,"Seasonal Market, May - November",GrowNYC,http://www.grownyc.org/compost/locations,310,54,POINT (-74.03358848999994 40.61727747000003),11209
Manhattan,3,Hudson River Park's Pier 76 at W. 34th St.,7pm,7am,40.757022857666016,Pier 76 at 34th Street and 12th Ave in Hudson River Park's Compost Center,-74.00492858886719,Hudson Yards-Chelsea-Flatiron-Union Square,,,Everyday,Year Round,Hudson River Park Trust,https://www.hudsonriverpark.org/,104,99,POINT (-74.00492701999997 40.75702127000005),10001
Brooklyn,37,OPEN FOR SEASON: Essex Community Garden,07:00 PM,05:00 PM,40.68026351928711,3030 Fulton Street,-73.88298034667969,East New York,,,Wednesdays,Seasonal,Essex Community Garden,N/A,305,2003,POINT (-73.882984 40.680263),11208
Manhattan,3,Hudson River Park's Pier 51 at Horatio St.,7pm,7am,40.73873519897461,Pier 51 at Horatio St. near comfort station,-74.00961303710938,West Village,,,Everyday,Year Round,Hudson River Park Trust,https://www.hudsonriverpark.org/,102,79,POINT (-74.00960956999995 40.73873546000004),10014
Manhattan,8,Lydia's Magic Garden,11:30am,9:30am,40.80008316040039,"1665 Park Avenue, Manhattan 10035
between 117th and 118th Streets",-73.94220733642578,East Harlem North,,,Saturday,"Seasonal, April-October",GrowNYC,https://www.facebook.com/lydiasmagicgarden/,111,2001,POINT (-73.942206 40.800083),10035
Bronx,17,149th St - Grand Concourse,11:15am,7:15am,40.81856155395508,"Grand Concourse, 149th Street - SE Corner",-73.92731475830078,Mott Haven-Port Morris,,,Friday,Year Round,GrowNYC,https://www.grownyc.org/compost-go,201,51,POINT (-73.92731612999995 40.81856006000004),10451
Manhattan,9,William B. Washington Memorial Garden,6pm,3pm,40.811397552490234,321 West 126th Street,-73.9515151977539,Central Harlem North-Polo Grounds,,,Wednesday,Year Round,William B. Washington Memorial Garden,,110,1002,POINT (-73.951517 40.811398),10027
Staten Island,51,OPEN FOR SEASON: Staten Island Mall Greenmarket,01:00 PM,08:00 AM,40.583805084228516,"Staten Island Mall, Marsh Ave & Ring Rd, Staten Island, NY 10314",-74.16124725341797,Todt Hill-Emerson Hill-Heartland Village-Lighthouse Hill,,,Saturdays,Seasonal Market,GrowNYC,http://www.grownyc.org/compost/locations,502,27702,POINT (-74.16124482999999 40.583803480000036),10314
Brooklyn,33,"Brooklyn Borough Hall Greenmarket (Closed Thursday, 7/4 - Independence Day)",02:00 PM,08:00 AM,40.693721771240234,"Court St & Montague St, Brooklyn, NY 11201",-73.9904556274414,Brooklyn Heights-Cobble Hill,,,Thursdays,Year Round,GrowNYC,http://www.grownyc.org/compost/locations,302,9,POINT (-73.99045462 40.693721390000064),11201
Brooklyn,35,"7 Ave B/Q (Closed Wednesday, 7/3 - Independence Day)",10:00 AM,08:00 AM,40.67744827270508,Park Pl and Carlton Ave,-73.97235107421875,Prospect Heights,,,Wednesdays,Year Round,NYC Compost Project,,308,161,POINT (-73.97234786999996 40.67744746000006),11238
Manhattan,2,Union Square Greenmarket,5pm,8am,40.736820220947266,"E 17th St & Union Square E, New York, NY",-73.99004364013672,Hudson Yards-Chelsea-Flatiron-Union Square,,,Friday,Year Round,NYC Compost Project,http://www.grownyc.org/compost/locations,105,50,POINT (-73.990043 40.736822),10003
Bronx,11,OPENING JUNE 26: Bainbridge Avenue Community Garden,07:00 PM,04:00 PM,40.87092590332031,"2980 Bainbridge Avenue, Bronx, NY 10458",-73.88397979736328,Bedford Park-Fordham North,,,Wednesdays,"Seasonal Market, June-November",Serviced/Managed by Volunteers from Bainbridge Avenue Community Garden,,207,3000,POINT (-73.883979 40.870927),10458
Manhattan,8,Lydia's Magic Garden,11:30am,9:30am,40.80008316040039,"1665 Park Avenue, Manhattan 10035
between 117th and 118th Streets",-73.94220733642578,East Harlem North,,,Wednesday,"Seasonal, April-October",GrowNYC,https://www.facebook.com/lydiasmagicgarden/,111,2001,POINT (-73.942206 40.800083),10035
Manhattan,10,OPEN FOR SEASON: Morris- Jumel Community Garden,5pm,12pm,40.835777282714844,455-457 West 162nd Street,-73.93914031982422,Washington Heights South,,,Saturday,"Seasonal, April-October",Morris- Jumel Community Garden,https://morrisjumelcommunitygarden.wordpress.com/,112,2000,POINT (-73.939143 40.835777),10032
Manhattan,2,Christopher Street,11:00 AM,08:00 AM,40.73363494873047,7th Avenue and Christopher St - SW Corner,-74.0027847290039,West Village,,,Tuesdays,Year Round,NYC Compost Project,www.lesecologycenter.org,102,73,POINT (-74.00278558999997 40.73363333000003),10014
Brooklyn,46,Bay View Houses Farm,05:00 PM,09:00 AM,40.63333511352539,5955 Shore Parkway,-73.88597106933594,Canarsie,,,Everyday,"Seasonal, June-November",East New York Farms!,https://ucceny.org/enyf/,318,1004,POINT (-73.885973 40.633335),11236
Staten Island,49,Olivet Heavenly Harvest,06:00 PM,04:00 PM,40.63019943237305,"97 Myrtle Avenue, Staten Island, NY",-74.115966796875,New Brighton-Silver Lake,,,Thursdays,"Seasonal, March-November",Olivet Presbyterian Church,www.olivetcares.org,501,4006,POINT (-74.115963 40.630199),10310
Queens,26,Sunnyside Greenmarket,02:00 PM,08:00 AM,40.746891021728516,"Skillman Ave at 43rd St,Queens,NY,11104",-73.9207992553711,Hunters Point-Sunnyside-West Maspeth,,,Saturdays,Year Round,NYC Compost Project,http://www.bigreuse.org/compost/drop-off-list/,402,171,POINT (-73.92079708999995 40.746890730000075),11104
Brooklyn,34,Scholes Street Children's Garden,,,40.70847702026367,"134 Scholes St, Brooklyn, NY 11206",-73.94430541992188,East Williamsburg,,,Thursdays,Year Round,Scholes Street Children's Garden,www.nyrp.org,301,2000,POINT (-73.944309 40.708478),11206
Manhattan,9,FACES NY at 115th,2pm,10am,40.801937103271484,"121 West 115th, 10026",-73.95098876953125,Central Harlem South,,,Monday,Year Round,FACES NY,www.facesny.org,110,2000,POINT (-73.950989 40.801937),10026
Manhattan,2,OPENING JULY 1: Green Oasis Garden,dusk,dawn,40.724205017089844,"368 East 8 Street, NY 10009",-73.9774169921875,Lower East Side,,,Everyday,Year Round,Green Oasis Garden,http://greenoasisnyc.org/,103,1001,POINT (-73.977419 40.724204),10009
Queens,26,CLOSING JULY 8: Junkluggers,06:00 PM,10:00 AM,40.765567779541016,"33-56 11th Street, Queens",-73.9375228881836,Queensbridge-Ravenswood-Long Island City,,,Tuesdays,Year Round,NYC Compost Project,,401,1001,POINT (-73.937525 40.765566),11106
Manhattan,8,The Herb Garden,dusk,dawn,40.79482650756836,180 East 111th Street,-73.94309997558594,East Harlem South,,,Everyday,Year Round,The Herb Garden,,111,1003,POINT (-73.943099 40.794827),10029
Manhattan,3,Hudson River Park's 14th Street Park at 10th Ave.,7pm,7am,40.74283218383789,14th Street Park at southwest corner of 15th St. and 10th Ave,-74.00769805908203,Hudson Yards-Chelsea-Flatiron-Union Square,,,Everyday,Year Round,Hudson River Park Trust,https://www.hudsonriverpark.org/,104,83,POINT (-74.00769750999996 40.74283077000007),10011
Brooklyn,39,East 4th Street Community Garden,06:00 PM,04:00 PM,40.64821243286133,173 East 4th Street,-73.97709655761719,Windsor Terrace,,,Wednesdays,"Seasonal, April-October",East 4th Street Community Garden,,307,2004,POINT (-73.977095 40.648214),11218
Bronx,16,St. Augustine Food Pantry,5pm,11am,40.82906723022461,1168 Franklin Ave,-73.90428924560547,Morrisania-Melrose,,,Monday,Year Round,St. Augustine Food Pantry,,203,2000,POINT (-73.904291 40.829067),10456
Manhattan,4,OPEN FOR SEASON: Bryant Park,2:30pm,12:30pm,40.75417709350586,6th Avenue and 41st Sreet,-73.9845962524414,Midtown-Midtown South,"For schedule, holiday, and inclement weather updates, please visit: http://bryantpark.org/programs/waste-sorting-concierge",,Friday,"Seasonal, May-November",Bryant Park Corporation,http://bryantpark.org/programs/waste-sorting-concierge,105,84,POINT (-73.98459513999995 40.75417679000004),10018
Manhattan,7,97th Street Greenmarket,2pm,8am,40.793556213378906,"97th St between Columbus & Amsterdam, Manhattan",-73.9670181274414,Upper West Side,,,Friday,Year Round,GrowNYC,http://www.grownyc.org/compost/locations,107,181,POINT (-73.96701598999994 40.79355734000006),10025
Manhattan,2,CLOSED FOR SEASON: Carmen Pabon del Amanecer Community Garden,5pm,10am,40.72445297241211,115 Avenue C,-73.97887420654297,Lower East Side,,,Sunday,Seasonal,Carmen Pabon del Amanecer Community Garden,,103,2001,POINT (-73.97887300000001 40.724453),10009
Manhattan,2,OPENING JULY 7: La Plaza Cultural Community Garden,5pm,10am,40.72541427612305,674 East 9th Street,-73.97862243652344,Lower East Side,Find instructions here for composting at La Plaza: https://drive.google.com/file/d/0BwYV2m0W1uasckhWd2ZZdTRzSVk/view?usp=sharing,,Sunday,Seasonal,La Plaza Cultural Community Garden,laplazacultural.com,103,2000,POINT (-73.978623 40.725414),10009
Queens,26,OPEN FOR SEASON: Brooklyn Grange,04:00 PM,10:00 AM,40.75200271606445,37-19 Northern Blvd Roof,-73.92532348632813,Hunters Point-Sunnyside-West Maspeth,,,Saturdays,Seasonal,Brooklyn Grange,www.brooklyngrangefarm.com,401,1005,POINT (-73.925322 40.752002),11101
Queens,22,Astoria Library,08:00 PM,12:00 PM,40.772377014160156,"14-01 Astoria Blvd, Astoria, NY 11102",-73.92874145507813,Old Astoria,,,Thursdays,Year Round,NYC Compost Project,"http://www.queenslibrary.org/branch/Astoria

http://www.bigreuse.org/compost/drop-off-list/",401,2001,POINT (-73.92874200000001 40.772376),11102
Queens,29,Forest Hills Greenmarket,02:00 PM,08:00 AM,40.72185516357422,"South side of Queens Blvd at 70th Avenue, Queens",-73.84648132324219,Forest Hills,,,Sundays,Year Round,NYC Compost Project,http://www.bigreuse.org/compost/drop-off-list/,406,711,POINT (-73.84648 40.721856),11375
Brooklyn,42,UCC Youth Farm,06:00 PM,10:00 AM,40.66490936279297,613 New Lots Avenue,-73.88672637939453,East New York,,,Fridays,Year Round,East New York Farms!,https://ucceny.org/enyf/,305,2004,POINT (-73.88673 40.664909),11207
Manhattan,2,Commuter Composting at 1st Ave and 1st St.,11am,8am,40.72293472290039,First Avenue between Houston and First Street (West Side),-73.98863983154297,Chinatown,,,Wednesday,Year Round,NYC Compost Project,www.lesecologycenter.org,103,3001,POINT (-73.98863936999999 40.72293374000003),10002
Brooklyn,35,Prospect Heights Community Farm,12:00 PM,10:00 AM,40.6780891418457,252 St. Marks Ave.,-73.96774291992188,Prospect Heights,,,Sundays,Year Round,Prospect Heights Community Farm,https://www.phcfarm.com/gardening-info/composting/,308,2002,POINT (-73.967744 40.678089),11238
Queens,22,Ditmars Blvd N/W Commuter Drop-Off,11:00 AM,08:00 AM,40.77476119995117,"22-75 31st St, Astoria, NY 11102 (Closest approximation, there is no address for this stretch of sidewalk)",-73.91250610351563,Steinway,,,Tuesdays,Year Round,NYC Compost Project,,401,2003,POINT (-73.912504 40.77476),11105
Queens,22,Hellgate Farm,08:00 PM,08:00 AM,40.76889419555664,14-33 30th Drive,-73.92994689941406,Old Astoria,,,Wednesdays,Year Round,Hellgate Farm,https://www.hellgatefarm.com/,401,1004,POINT (-73.929944 40.768893),11102
Brooklyn,33,McCarren Park Greenmarket,02:00 PM,08:00 AM,40.72045135498047,"Union Ave at Driggs Ave,Brooklyn,NY,11222",-73.95270538330078,North Side-South Side,,,Saturdays,Year Round,GrowNYC,http://www.grownyc.org/compost/locations,301,515,POINT (-73.95270850999998 40.72045156000007),11211
Queens,25,Jackson Heights Greenmarket,02:00 PM,08:00 AM,40.75343322753906,34th Ave b/t 79th & 80th Sts,-73.88782501220703,Jackson Heights,,,Sundays,Year Round,NYC Compost Project,http://www.bignyc.org/drop-sites,403,285,POINT (-73.8878215299999 40.75343426000006),11372
Queens,22,Astoria Library,06:00 PM,10:00 AM,40.772377014160156,"14-01 Astoria Blvd, Astoria, NY 11102",-73.92874145507813,Old Astoria,,,Wednesdays,Year Round,NYC Compost Project,"http://www.queenslibrary.org/branch/Astoria

http://www.bigreuse.org/compost/drop-off-list/",401,2001,POINT (-73.92874200000001 40.772376),11102
Brooklyn,42,OPEN FOR SEASON: Pink Houses Community Farm,12:00 PM,10:00 AM,40.66829299926758,1257 Loring Avenue,-73.86444091796875,East New York,,,Saturdays,"Seasonal Market, June-November",East New York Farms!,https://ucceny.org/enyf/,305,1000,POINT (-73.86444 40.668292),11208
Queens,26,CLOSING JULY 8: Junkluggers,06:00 PM,10:00 AM,40.765567779541016,"33-56 11th Street, Queens",-73.9375228881836,Queensbridge-Ravenswood-Long Island City,,,Mondays,Year Round,NYC Compost Project,,401,1001,POINT (-73.937525 40.765566),11106
Manhattan,1,Bowling Green Greenmarket,2pm,8am,40.70471954345703,"Broadway at Battery Place,New York,NY, 10004",-74.0135269165039,Battery Park City-Lower Manhattan,,,Tuesday,Year Round,GrowNYC,http://www.grownyc.org/compost/locations,101,9,POINT (-74.01353 40.704718),10004
Manhattan,4,OPEN FOR SEASON: Bryant Park,2:30pm,12:30pm,40.75417709350586,6th Avenue and 41st Sreet,-73.9845962524414,Midtown-Midtown South,"For schedule, holiday, and inclement weather updates, please visit: http://bryantpark.org/programs/waste-sorting-concierge",,Monday,"Seasonal, May-November",Bryant Park Corporation,http://bryantpark.org/programs/waste-sorting-concierge,105,84,POINT (-73.98459513999995 40.75417679000004),10018
Brooklyn,40,Cortelyou Greenmarket,01:00 PM,08:00 AM,40.64082336425781,"Cortelyou Rd at Rugby Rd, Brooklyn, NY, 11226",-73.96530151367188,Flatbush,,,Sundays,Year Round,GrowNYC,http://www.grownyc.org/compost/locations,314,520,POINT (-73.96530066999998 40.640824690000045),11226
Manhattan,1,Tribeca Greenmarket,1pm,8am,40.71630096435547,"Greenwich Street at Chambers Street,New York,NY",-74.0109634399414,Battery Park City-Lower Manhattan,,,Saturday,Year Round,"GrowNYC, NYC Dept of Sanitation & Community Partners",http://www.grownyc.org/compost/locations,101,21,POINT (-74.0109663 40.71630244000005),10007
Brooklyn,36,Imani Garden,Dusk,Dawn,40.676513671875,1680 Pacific Street,-73.9329833984375,Crown Heights North,,,Everyday,Year Round,Imani Garden,N/A,308,1003,POINT (-73.932987 40.676512),11213
Manhattan,5,Roosevelt Island under the Helix,02:30 PM,09:00 AM,40.76378631591797,Main Street under the Helix,-73.9473648071289,Lenox Hill-Roosevelt Island,,,Saturdays,Year Round,NYC Compost Project,http://www.bigreuse.org/compost,108,23801,POINT (-73.947367 40.763788),10044
Manhattan,3,Hudson River Park's Pier 40 at W. Houston St.,7pm,7am,40.72911071777344,Pier 40 at Houston St. near dog park,-74.01067352294922,West Village,,,Everyday,Year Round,Hudson River Park Trust,https://www.hudsonriverpark.org/,102,37,POINT (-74.01067254999998 40.72911226000008),10014
Bronx,8,OPEN FOR SEASON: Target Bronx Community Garden,2pm,10:30am,40.83280944824219,1025 Anderson Avenue,-73.9270248413086,Highbridge,,,Friday,Seasonal,Target Bronx Community Garden/ NYRP,www.nyrp.org,204,2000,POINT (-73.927022 40.832809),10452
Manhattan,10,Inwood Greenmarket,1pm,8am,40.86899948120117,"Isham St at Cooper,New York,NY, 10034",-73.92031860351563,park-cemetery-etc-Manhattan,,,Saturday,Year Round,New York Restoration Project & GrowNYC,http://www.grownyc.org/compost/locations,112,303,POINT (-73.92031900999996 40.86900043000003),10034
Manhattan,10,181st Street,11:15am,6:45am,40.85212707519531,Fort Washington Ave btw. 183rd & 185th - W (Bennett Park Entrance),-73.93782043457031,Washington Heights North,,,Wednesday,Year Round,GrowNYC,https://www.grownyc.org/compost-go,112,273,POINT (-73.93781991999998 40.85212854000009),10033
Bronx,11,Mosholu Preservation,04:00 PM,12:00 PM,40.87900161743164,3400 Reservoir Oval East,-73.87569427490234,Norwood,,,Mondays,Year Round,Mosholu Preservation,www.mpcbronx.org,207,1001,POINT (-73.875698 40.879001),10467
Manhattan,9,145th Street,10am,6:30am,40.823646545410156,145th & Edgecombe Ave - NE Corner (Jackie Robinson Park Entrance),-73.94384765625,Hamilton Heights,,,Wednesday,Year Round,GrowNYC,https://www.grownyc.org/compost-go,109,227,POINT (-73.94384436999997 40.82364702000007),10030
Manhattan,1,"West Village (Closed Thursday, 7/4 - Independence Day)",11am,8am,40.73292922973633,6th Avenue and Waverly Place - SE Corner,-74.00006866455078,West Village,,,Thursday,Year Round,NYC Compost Project,www.lesecologycenter.org,102,63,POINT (-74.00006494999997 40.73292796000004),10011
Brooklyn,37,Bushwick Grows! Community Garden,01:00 PM,10:00 AM,40.69760513305664,1474 Gates Ave.,-73.91370391845703,Bushwick North,,,Saturdays,Year Round,Bushwick Grows! Community Garden,riseboro.org,304,3002,POINT (-73.913701 40.697607),11237
Manhattan,10,Dyckman Street,11:30 AM,06:30 AM,40.865055084228516,"Broadway, Riverside Drive, Dyckman Street (Anne Loftus Playground/Fort Tyron Park Entrance)",-73.92841339111328,Washington Heights North,,,Wednesdays,Year Round,GrowNYC,https://www.grownyc.org/compost-go,112,3001,POINT (-73.928413 40.865056),10040
Bronx,16,St. Augustine Food Pantry,5pm,12:30pm,40.82906723022461,1168 Franklin Ave,-73.90428924560547,Morrisania-Melrose,,,Thursday,Year Round,St. Augustine Food Pantry,,203,2000,POINT (-73.904291 40.829067),10456
Manhattan,1,SoHo Broadway and Spring Street,dusk,dawn,40.7230224609375,Broadway at Spring Street,-73.99880981445313,SoHo-TriBeCa-Civic Center-Little Italy,,,Everyday. Register to get access: https://mdicus.wufoo.com/forms/p1b9sjtg0d3oukc/,Year Round,SoHo Broadway Initiative,www.sohobroadway.org,102,43,POINT (-73.99881306999998 40.72302213000006),10012
Manhattan,9,Harlem Grown,5pm,9am,40.813804626464844,118 W 134th St,-73.94281768798828,Central Harlem North-Polo Grounds,,,Monday,Year Round,Harlem Grown,http://www.harlemgrown.org/,110,1000,POINT (-73.942816 40.813804),10030
Queens,23,Queens County Farm Museum,05:00 PM,10:00 AM,40.74760818481445,73-50 Little Neck Parkway,-73.7240982055664,Bellerose,,,Everyday,Year Round,Queens County Farm Museum,http://queensfarm.org/,413,1000,POINT (-73.724096 40.747609),11004
Manhattan,2,El Sol Brilliante- Children's Garden,dusk,dawn,40.72810745239258,544 East 12th St.,-73.97944641113281,East Village,,,Everyday,Year Round,El Sol Brilliante- Children's Garden,,103,2000,POINT (-73.979449 40.728107),10009
Bronx,15,OPENING JUNE 14: Fordham Plaza Greenmarket,01:00 PM,11:30 AM,40.86170196533203,E Fordham Rd btw Webster Ave & Third Ave - S,-73.8913803100586,Fordham South,,,Fridays,Year Round,GrowNYC,https://www.google.com/url?q=https://www.grownyc.org/greenmarket/bronx/fordham&sa=D&ust=1529701744031000&usg=AFQjCNEeS7ccxGr2iqQtxYX1e5-bazhCXA,207,397,POINT (-73.89138066999993 40.86170062000008),10458
Manhattan,1,Commuter Composting at East Broadway & Rutgers Street,11am,8am,40.714054107666016,"East Broadway & Rutgers Street (SE corner), Manhattan",-73.99018859863281,Lower East Side,,,Wednesday,Year Round,NYC Compost Project,www.lesecologycenter.org,103,6,POINT (-73.9901883799999 40.714054590000046),10002
Bronx,17,The Point CDC,6pm,10am,40.81822204589844,940 Garrison Avenue,-73.89046478271484,Hunts Point,,,Thursday,Year Round,The Point CDC,thepoint.org,202,2005,POINT (-73.890465 40.818221),10474
Brooklyn,39,Grand Army Plaza Greenmarket,03:30 PM,08:00 AM,40.67256164550781,"Prospect Park West & Plaza Street West, Brooklyn, 11238",-73.9698715209961,Park Slope-Gowanus,,,Saturdays,Year Round,GrowNYC,http://www.grownyc.org/compost/locations,306,165,POINT (-73.969871 40.672562),11238
Queens,29,Commuter Composting at Kew Gardens E/F,09:30 AM,07:30 AM,40.71303939819336,"Kew Gardens Road and 81st. Avenue, Kew Gardens 11415",-73.8298110961914,Kew Gardens,,,Tuesdays,Year Round,NYC Compost Project,,409,216,POINT (-73.82981058999997 40.71303990000007),11415
Manhattan,7,"Columbia University Greenmarket (Closed Thursday, 7/4 - Independence Day)",3pm,8am,40.806705474853516,"Broadway at West 114 St,New York,NY,10025",-73.96485137939453,Morningside Heights,,,Thursday,Year Round,GrowNYC,http://www.grownyc.org/compost/locations,109,199,POINT (-73.96484934999995 40.806706690000055),10025
Manhattan,7,The Brotherhood/Sister Sol,7pm,11am,40.824302673339844,512 West 143rd Street,-73.95000457763672,Hamilton Heights,,,Friday,Year Round,The Brotherhood/Sister Sol,https://brotherhood-sistersol.org/,109,2001,POINT (-73.950001 40.824301),10031
Queens,26,Queens Library at Broadway,07:00 PM,01:00 PM,40.75847625732422,"40-20 Broadway, Long Island City, NY, 11103",-73.91862487792969,Astoria,,,Mondays,Year Round,NYC Compost Project,http://www.bigreuse.org/compost/drop-off-list/,401,1000,POINT (-73.918628 40.758475),11103
Manhattan,10,"OPENING JUNE 27: 175th Street Greenmarket (Closed Thursday, 7/4 - Independence Day)",2pm,8am,40.845947265625,"175th Street between Wadsworth Avenue and Broadway, New York, NY",-73.93781280517578,Washington Heights South,,,Thursday,"Seasonal Market, June-November",GrowNYC,http://www.grownyc.org/compost/locations,112,263,POINT (-73.93781123999997 40.84594746000005),10033
Manhattan,2,LES Ecology Center Garden,5:30pm,8am,40.724647521972656,213 E. 7th St,-73.9796371459961,Lower East Side,,,Sunday,Year Round,NYC Compost Project,https://www.lesecologycenter.org/programs/compost/compost-drop-off-locations/,103,2001,POINT (-73.979638 40.724648),10009
Brooklyn,75,Carroll Gardens Greenmarket,01:00 PM,08:00 AM,40.6805419921875,"Carroll St. btwn Smith & Court Sts, Brooklyn, NY 11231",-73.9946517944336,Carroll Gardens-Columbia Street-Red Hook,,,Sundays,Year Round,GrowNYC,http://www.grownyc.org/compost/locations,39,75,POINT (-73.99465318999995 40.68054127000005),11231
Manhattan,10,Swindler Cove,4pm,8am,40.85770034790039,3703 10th Avenue,-73.9222640991211,Marble Hill-Inwood,,,Everyday,Year Round,Swindler Cove,nyrp.org,112,2021,POINT (-73.922263 40.857702),10034
Queens,29,OPEN FOR SEASON: The Compost Collective,12:00 PM,11:00 AM,40.716983795166016,73-24 Yellowstone Blvd.,-73.85765075683594,Forest Hills,,,Saturdays,Seasonal,The Compost Collective,thecompostcollective.com,406,2004,POINT (-73.85764900000001 40.716984),11375
Manhattan,6,"Tucker Square Greenmarket (Closed Thursday, 7/4 - Independence Day)",3:30pm,8am,40.773719787597656,"Columbus Ave & W 66th St, New York, NY 10023",-73.98190307617188,Lincoln Square,,,Thursday,Year Round,GrowNYC,http://www.grownyc.org/compost/locations,107,149,POINT (-73.9819 40.773721),10023
Bronx,17,Project H.O.P.E. Fresh Food Box,6:30pm,3pm,40.81808853149414,854 Hunts Point Ave,-73.88842010498047,Hunts Point,,,Wednesday,Year Round,GrowNYC,https://www.grownyc.org/compost/locations,202,2001,POINT (-73.888417 40.818087),10474
Manhattan,9,Harlem Grown,5pm,9am,40.813804626464844,118 W 134th St,-73.94281768798828,Central Harlem North-Polo Grounds,,,Friday,Year Round,Harlem Grown,http://www.harlemgrown.org/,110,1000,POINT (-73.942816 40.813804),10030
Queens,20,Queens Botanical Garden Public Food Scrap Drop-Off,"4:30 PM(Nov-Mar),06:00PM(Apr-Oct)",08:00 AM,40.751731872558594,"Parking Garden at QBG
42-80 Crommelin Avenue, Flushing, NY 11355",-73.83000183105469,Flushing,,,Thursdays,Year Round,NYC Compost Project,https://queensbotanical.org,407,1004,POINT (-73.83000300000002 40.751732000000004),11355
Brooklyn,43,4th Avenue Presbyterian Church,05:00 PM,10:00 AM,40.63547134399414,6753 4th Avenue,-74.02279663085938,Bay Ridge,,,Tuesdays,Year Round,4th Avenue Presbyterian Church,http://www.fourthavenuepresbyterian.org/,310,1004,POINT (-74.0228 40.635473),11220
Queens,22,Commuter Composting at Broadway N/W,11:00 AM,08:00 AM,40.761566162109375,"32-15 31st St, Astoria, NY 11106 ?",-73.92550659179688,Astoria,,,Tuesdays,Year Round,NYC Compost Project,http://www.bigreuse.org/compost/drop-off-list/,401,3001,POINT (-73.92551 40.761565),11106
Manhattan,1,OPEN FOR SEASON: M'Finda Kalunga Garden,7:30pm,5:50pm,40.72102737426758,Rivington and Forsyth,-73.99150085449219,Chinatown,,,Thursday,"Seasonal, April-October",M'Finda Kalunga Garden,www.mkgarden.org,103,18,POINT (-73.99150412999995 40.72102638000007),10002
Manhattan,9,FACES NY at 115th,2pm,10am,40.801937103271484,"121 West 115th, 10026",-73.95098876953125,Central Harlem South,,,Wednesday,Year Round,FACES NY,www.facesny.org,110,2000,POINT (-73.950989 40.801937),10026
Manhattan,2,Commuter Composting at 1st Ave and 1st St.,11am,8am,40.72293472290039,First Avenue between Houston and First Street (West Side),-73.98863983154297,Chinatown,,,Friday,Year Round,NYC Compost Project,www.lesecologycenter.org,103,3001,POINT (-73.98863936999999 40.72293374000003),10002
Manhattan,2,Creative Little Garden,dusk,dawn,40.724647521972656,530 East 6th Street,-73.98258972167969,East Village,,,Everyday,Year Round,Creative Little Garden,www.creativelittlegarden.org,103,6000,POINT (-73.98258900000002 40.724649),10009
Bronx,17,Mary Mitchell Center,06:00 PM,10:00 AM,40.844940185546875,"2007 Mapes Ave, Bronx 10460 at E 178th St",-73.88741302490234,East Tremont,,,Wednesday,Year Round- following the DOE calendar. Please look at https://www.schools.nyc.gov/calendar for closures.,Mary Mitchell Center,http://themarymitchellfyc.org/,206,2001,POINT (-73.887411 40.844941),10460
Brooklyn,39,Big Reuse Brooklyn,06:00 PM,10:00 AM,40.671722412109375,"One 12th St, Brooklyn, NY, 11215",-73.99671173095703,Park Slope-Gowanus,,,Thursdays,Year Round,NYC Compost Project & Community Partners,http://www.bigreuse.org/compost/drop-off-list/,306,119,POINT (-73.996711 40.671721),11215
Brooklyn,41,OPEN FOR SEASON: Phoenix Community Garden,-07:00PM,04:00PM,40.67851638793945,20 Somers Street,-73.91161346435547,Ocean Hill,,,Thursdays,"Seasonal, April-November",Phoenix Community Garden,,316,5002,POINT (-73.911613 40.678515000000004),11233
Manhattan,5,96th Street,10:30am,7:15am,40.785865783691406,96th Street & Lexington Ave - SE Corner (Samuel Seabury Playground),-73.950927734375,Upper East Side-Carnegie Hill,,,Wednesday,Year Round,GrowNYC,https://www.grownyc.org/compost-go,108,15801,POINT (-73.95092871999998 40.785866370000065),10128
Queens,20,OPEN FOR SEASON: Queens Botanical Garden DTE Farmers Market,-4:00 PM,8:30 AM,40.75142288208008,82 Dahlia Avenue,-73.82733917236328,Flushing,,,Fridays,"Seasonal, June to November",Down to Earth Markets,downtoearthmarkets.com,407,79702,POINT (-73.827339 40.751422),11355
Manhattan,2,Union Square Greenmarket,5pm,8am,40.736820220947266,"E 17th St & Union Square E, New York, NY",-73.99004364013672,Hudson Yards-Chelsea-Flatiron-Union Square,,,Wednesday,Year Round,NYC Compost Project,http://www.grownyc.org/compost/locations,105,50,POINT (-73.990043 40.736822),10003
Manhattan,7,137th Street - City College,11am,7:15am,40.821380615234375,137th St & Broadway - SW (Montefiore Square),-73.95413208007813,Manhattanville,,,Wednesday,Year Round,GrowNYC,https://www.grownyc.org/compost-go,109,22301,POINT (-73.95413257999996 40.82138169000007),10031
Brooklyn,34,Scholes Street Children's Garden,,,40.70847702026367,"134 Scholes St, Brooklyn, NY 11206",-73.94430541992188,East Williamsburg,,,Tuesdays,Year Round,Scholes Street Children's Garden,www.nyrp.org,301,2000,POINT (-73.944309 40.708478),11206
Bronx,16,OPEN FOR SEASON: Bronx Borough Hall Greenmarket,02:00 PM,08:00 AM,40.827369689941406,"Grand Concourse and 161 St, Bronx, NY, 10451",-73.92280578613281,West Concourse,,,Tuesdays,"Seasonal Market, June-November",GrowNYC,http://www.grownyc.org/compost/locations,204,18301,POINT (-73.922805 40.827368),10451
Staten Island,49,Olivet Heavenly Harvest,01:00 PM,10:00 AM,40.63019943237305,"97 Myrtle Avenue, Staten Island, NY",-74.115966796875,New Brighton-Silver Lake,,,Tuesdays,"Seasonal, March-November",Olivet Presbyterian Church,www.olivetcares.org,501,4006,POINT (-74.115963 40.630199),10310
Queens,22,Hellgate Farm,08:00 PM,08:00 AM,40.76889419555664,14-33 30th Drive,-73.92994689941406,Old Astoria,,,Saturdays,Year Round,Hellgate Farm,https://www.hellgatefarm.com/,401,1004,POINT (-73.929944 40.768893),11102
Manhattan,6,B'nai Jeshurun Community House,9pm,7am,40.790374755859375,270 West 89th Street,-73.97599792480469,Upper West Side,,,Friday,Year Round,B'nai Jeshrun,www.bj.org,107,4001,POINT (-73.975999 40.79037300000001),10024
Manhattan,1,"OPEN FOR SEASON: Earth Matter, Compost Learning Center",04:00 PM,12:00 PM,40.686954498291016,"758 Enright Rd, New York, NY 10004",-74.02043151855469,park-cemetery-etc-Manhattan,,,Saturdays,"Seasonal, May-October",NYC Compost Project,https://earthmatter.org/nyc-compost-project/,101,5,POINT (-74.020433 40.686956),10004
Manhattan,2,OPENING JULY 7: La Plaza Cultural Community Garden,5pm,10am,40.72541427612305,674 East 9th Street,-73.97862243652344,Lower East Side,Find instructions here for composting at La Plaza: https://drive.google.com/file/d/0BwYV2m0W1uasckhWd2ZZdTRzSVk/view?usp=sharing,,Saturday,Seasonal,La Plaza Cultural Community Garden,laplazacultural.com,103,2000,POINT (-73.978623 40.725414),10009
Manhattan,2,14th Street Y,9pm,7am,40.7312126159668,344 E 14th Street,-73.98336029052734,East Village,,,Sunday,Year Round,14th Street Y,https://www.14streety.org/about-us/sustainability/,103,6000,POINT (-73.983363 40.731214),10003
Brooklyn,35,Fort Greene Greenmarket,03:00 PM,08:00 AM,40.68962097167969,"Washington Park between Willoughby Avenue & Dekalb Avenue, Brooklyn, NY 11201",-73.9731216430664,Fort Greene,,,Saturdays,Year Round,GrowNYC,http://www.grownyc.org/compost/locations,302,31,POINT (-73.97312529999994 40.68962071000004),11217
Manhattan,2,CLOSED FOR SEASON: Carmen Pabon del Amanecer Community Garden,5pm,10am,40.72445297241211,115 Avenue C,-73.97887420654297,Lower East Side,,,Saturday,Seasonal,Carmen Pabon del Amanecer Community Garden,,103,2001,POINT (-73.97887300000001 40.724453),10009
Bronx,11,Meg's Community Garden @ Dewitt Clinton High School Campus,Dusk,04:00 PM,40.88145065307617,100 West Mosholu Parkway,-73.88664245605469,Van Cortlandt Village,,,Tuesdays,"Seasonal, May-November",James Baldwin Outdoor Learning Center,,207,409,POINT (-73.886643 40.881451),10468
Manhattan,3,Hudson Square,11:00 AM,08:00 AM,40.72562026977539,6th Avenue & Spring Street -NE Corner,-74.00447845458984,SoHo-TriBeCa-Civic Center-Little Italy,,,Tuesdays,Year Round,NYC Compost Project,www.lesecologycenter.org,102,37,POINT (-74.004482 40.725621),10013
Queens,22,Astoria Library,06:00 PM,10:00 AM,40.772377014160156,"14-01 Astoria Blvd, Astoria, NY 11102",-73.92874145507813,Old Astoria,,,Fridays,Year Round,NYC Compost Project,"http://www.queenslibrary.org/branch/Astoria

http://www.bigreuse.org/compost/drop-off-list/",401,2001,POINT (-73.92874200000001 40.772376),11102
Manhattan,1,Hudson River Park's Pier 25 at N. Moore St.,7pm,7am,40.72031784057617,Pier 25 at N. Moore St. near kid's playground,-74.01216888427734,SoHo-TriBeCa-Civic Center-Little Italy,,,Everyday,Year Round,Hudson River Park Trust,https://www.hudsonriverpark.org/,101,39,POINT (-74.01216826999996 40.720317900000055),10013
Queens,22,Astoria Library,06:00 PM,01:00 PM,40.772377014160156,"14-01 Astoria Blvd, Astoria, NY 11102",-73.92874145507813,Old Astoria,,,Tuesdays,Year Round,NYC Compost Project,"http://www.queenslibrary.org/branch/Astoria

http://www.bigreuse.org/compost/drop-off-list/",401,2001,POINT (-73.92874200000001 40.772376),11102
Bronx,17,We Stay/Nos Quedamos,4pm,12pm,40.82114028930664,754 Melrose Avenue,-73.91493225097656,Melrose South-Mott Haven North,,,Tuesday,Year Round,GrowNYC,https://www.grownyc.org/compost/locations,201,1003,POINT (-73.914935 40.82114),10451
Manhattan,2,14th Street Y,9pm,7am,40.7312126159668,344 E 14th Street,-73.98336029052734,East Village,,,Thursday,Year Round,14th Street Y,https://www.14streety.org/about-us/sustainability/,103,6000,POINT (-73.983363 40.731214),10003
Brooklyn,41,OPEN FOR SEASON: Phoenix Community Garden,-07:00PM,04:00PM,40.67851638793945,20 Somers Street,-73.91161346435547,Ocean Hill,,,Fridays,"Seasonal, April-November",Phoenix Community Garden,,316,5002,POINT (-73.911613 40.678515000000004),11233
Manhattan,7,Dorothy K. McGowan Memorial Garden,4pm,1pm,40.834022521972656,513 West 158th Street,-73.9422607421875,Washington Heights South,,,Sunday,Year Round,Dorothy K. McGowan Memorial Garden,,112,7000,POINT (-73.94226400000001 40.834024),10032
Queens,26,Socrates Sculpture Park,Dusk,09:00 AM,40.76777267456055,"Broadway & Vernon Blvd, Queens, NY 11106",-73.93622589111328,Queensbridge-Ravenswood-Long Island City,,,Every Day,Year Round,NYC Compost Project,"http://socratessculpturepark.org/programevent/socratesmarket/

http://www.bigreuse.org/compost/drop-off-list/",401,37,POINT (-73.936225 40.767771),11106
Queens,31,Edgemere Farm,Dusk,Dawn,40.595367431640625,385 Beach 45th St,-73.7767333984375,Hammels-Arverne-Edgemere,,,Everyday,Year Round,Edgemere Farm,http://www.edgemerefarm.org/,414,2003,POINT (-73.776735 40.595368),11691
Bronx,8,Brook Ave,10:45am,6:45am,40.807559967041016,"138th, Brook Ave - NW Corner",-73.91922760009766,Mott Haven-Port Morris,,,Friday,Year Round,GrowNYC,https://www.grownyc.org/compost-go,201,25,POINT (-73.91922579999994 40.80755932000005),10454
Bronx,17,Mary Mitchell Center,06:00 PM,10:00 AM,40.844940185546875,"2007 Mapes Ave, Bronx 10460 at E 178th St",-73.88741302490234,East Tremont,,,Thursday,Year Round- following the DOE calendar. Please look at https://www.schools.nyc.gov/calendar for closures.,Mary Mitchell Center,http://themarymitchellfyc.org/,206,2001,POINT (-73.887411 40.844941),10460
Manhattan,2,CLOSED FOR SEASON: Peach Tree Garden,8pm,1pm,40.721675872802734,236 East 2nd Street,-73.98201751708984,Lower East Side,,,Sunday,"Seasonal, April-October",Peach Tree Garden,,103,1001,POINT (-73.98202 40.721676),10009
Manhattan,9,Harlem Grown,5pm,9am,40.813804626464844,118 W 134th St,-73.94281768798828,Central Harlem North-Polo Grounds,,,Thursday,Year Round,Harlem Grown,http://www.harlemgrown.org/,110,1000,POINT (-73.942816 40.813804),10030
Queens,20,Queens Botanical Garden Public Food Scrap Drop-Off,"4:30 PM(Nov-Mar),06:00PM(Apr-Oct)",08:00 AM,40.751731872558594,"Parking Garden at QBG
42-80 Crommelin Avenue, Flushing, NY 11355",-73.83000183105469,Flushing,,,Fridays,Year Round,NYC Compost Project,https://queensbotanical.org,407,1004,POINT (-73.83000300000002 40.751732000000004),11355
Queens,21,OPENING JUNE 21: Corona Greenmarket,03:00 PM,08:00 AM,40.74987030029297,"Corona Plaza, Roosevelt Ave at 103 Street, Queens",-73.86272430419922,North Corona,,,Fridays,"Seasonal Market, July-November",GrowNYC,http://www.grownyc.org/greenmarket/queens/corona,403,405,POINT (-73.86272585999995 40.74986911000008),11368
Bronx,17,The Point CDC,6pm,10am,40.81822204589844,940 Garrison Avenue,-73.89046478271484,Hunts Point,,,Wednesday,Year Round,The Point CDC,thepoint.org,202,2005,POINT (-73.890465 40.818221),10474
Manhattan,9,Garden of Love,6pm,10am,40.80439758300781,302 West 116 Street,-73.95604705810547,Central Harlem South,,,Sunday,Year Round,Garden of Love,,110,2000,POINT (-73.956048 40.804396),10026
Manhattan,4,OPEN FOR SEASON: Bryant Park,2:30pm,12:30pm,40.75417709350586,6th Avenue and 41st Sreet,-73.9845962524414,Midtown-Midtown South,"For schedule, holiday, and inclement weather updates, please visit: http://bryantpark.org/programs/waste-sorting-concierge",,Tuesday,"Seasonal, May-November",Bryant Park Corporation,http://bryantpark.org/programs/waste-sorting-concierge,105,84,POINT (-73.98459513999995 40.75417679000004),10018
Queens,20,Queens Botanical Garden Public Food Scrap Drop-Off,"4:30 PM(Nov-Mar),06:00PM(Apr-Oct)",08:00 AM,40.751731872558594,"Parking Garden at QBG
42-80 Crommelin Avenue, Flushing, NY 11355",-73.83000183105469,Flushing,,,Wednesdays,Year Round,NYC Compost Project,https://queensbotanical.org,407,1004,POINT (-73.83000300000002 40.751732000000004),11355
,17,OPENING JULY 7: La Familia Verde Farmer's Market,1pm,9am,40.84648513793945,"E Tremont Ave, between Lafontaine and Arthur Aves, Bronx 10457",-73.89434051513672,Claremont-Bathgate,,,Tuesday,"Seasonal, July-November",GrowNYC,https://www.grownyc.org/compost/locations; http://www.lafamiliaverde.org/,206,395,POINT (-73.89433677999995 40.84648672000003),10457
Bronx,11,Church of the Mediator/La Iglesia El Mediador,10:00 AM,08:00 AM,40.87980651855469,W 231 St & Kingsbridge Ave,-73.90657806396484,Spuyten Duyvil-Kingsbridge,,,Tuesdays,Year Round,Serviced/Managed by Volunteers from Church of the Mediator,churchofthemediator.org,208,289,POINT (-73.90657531999994 40.87980696000005),10463
Manhattan,1,Commuter Composting at Grand Street & Clinton Street,11am,8am,40.7159538269043,"Grand Street & Clinton Street (SW corner), Manhattan",-73.98672485351563,Lower East Side,,,Friday,Year Round,NYC Compost Project,www.lesecologycenter.org,103,1401,POINT (-73.98672146999996 40.71595361000004),10002
Queens,24,Commuter Composting at Briarwood E/F,09:30 AM,07:30 AM,40.70998764038086,Briarwood E/F Subway Station Entrance (North Side of Queens Boulevard),-73.81996154785156,Kew Gardens,,,Tuesdays,Year Round,NYC Compost Project,,408,22001,POINT (-73.819962 40.709987),11435
Bronx,17,The Point CDC,6pm,10am,40.81822204589844,940 Garrison Avenue,-73.89046478271484,Hunts Point,,,Friday,Year Round,The Point CDC,thepoint.org,202,2005,POINT (-73.890465 40.818221),10474
Brooklyn,37,Irving Square Park,11:00 AM,08:00 AM,40.69298553466797,Corner of Halsey and Knickerbocker,-73.9083023071289,Bushwick North,,,Mondays,Year Round,NYC Compost Project,,304,437,POINT (-73.9083 40.692985),11207
Staten Island,49,St. George Greenmarket,01:00 PM,08:00 AM,40.64158630371094,"St Marks Pl & Hyatt St
Staten Island, NY 10301",-74.07789611816406,West New Brighton-New Brighton-St. George,,,Saturdays,Year Round,GrowNYC,http://www.grownyc.org/compost/locations,501,3,POINT (-74.07789963999994 40.64158581000004),10301
Brooklyn,35,"Franklin Avenue 2/3/4/5 (Closed Wednesday, 7/3 - Independence Day)",10:00 AM,08:00 AM,40.670658111572266,Franklin Avenue & Eastern Parkway,-73.95797729492188,Crown Heights South,,,Wednesdays,Year Round,NYC Compost Project,,308,217,POINT (-73.95797447999996 40.670658020000076),11238
Manhattan,6,"Tucker Square Greenmarket (Closed Thursday, 7/4 - Independence Day)",1pm,8am,40.773719787597656,"Columbus Ave & W 66th St, New York, NY 10023",-73.98190307617188,Lincoln Square,,,Saturday,Year Round,GrowNYC,http://www.grownyc.org/compost/locations,107,149,POINT (-73.9819 40.773721),10023
Bronx,8,OPEN FOR SEASON: Target Bronx Community Garden,4pm,12pm,40.83280944824219,1025 Anderson Avenue,-73.9270248413086,Highbridge,,,Saturday,Seasonal,Target Bronx Community Garden/ NYRP,www.nyrp.org,204,2000,POINT (-73.927022 40.832809),10452
Queens,26,Commuter Composting at Vernon Jackson 7,11:00 AM,08:00 AM,40.74272918701172,"Vernon Blvd & 50th Ave, Long Island City, NY 11101 ?",-73.95404815673828,Hunters Point-Sunnyside-West Maspeth,,,Tuesdays,Year Round,NYC Compost Project,http://www.bigreuse.org/compost/drop-off-list/,402,7,POINT (-73.954048 40.742731),11101
Manhattan,9,Harlem Grown,3pm,11am,40.813804626464844,118 W 134th St,-73.94281768798828,Central Harlem North-Polo Grounds,,,Saturday,Year Round,Harlem Grown,http://www.harlemgrown.org/,110,1000,POINT (-73.942816 40.813804),10030
Brooklyn,38,Red Hook Community Farm,12:00 PM,09:00 AM,40.67222595214844,Otsego Street and Beard Street,-74.0110092163086,Carroll Gardens-Columbia Street-Red Hook,,,Fridays,Year Round,NYC Compost Project,,306,53,POINT (-74.01100590999994 40.67222695000004),11231
Manhattan,5,82nd St Greenmarket [St. Stevens],1pm,9am,40.7742919921875,82nd Street between 1st and York Avenues,-73.95126342773438,Yorkville,,,Saturday,Year Round,GrowNYC,http://www.grownyc.org/compost/locations,108,136,POINT (-73.95126218999997 40.77429196000003),10028
Manhattan,6,OPEN FOR SEASON: 57th St Greenmarket,2pm,8am,40.76911544799805,10th Avenue & West 57th Street,-73.98855590820313,Clinton,,,Saturday,"Seasonal Market, June-December",GrowNYC,http://www.grownyc.org/compost/locations,104,135,POINT (-73.98855928999996 40.76911688000007),10019
Manhattan,1,OPEN FOR SEASON: Governors Islands Zero Waste Stations,05:00 PM,11:00 AM,40.686954498291016,Several locations throughout Governors Island,-74.02043151855469,park-cemetery-etc-Manhattan,,,Everyday,"Seasonal, May-September",NYC Compost Project,https://earthmatter.org/nyc-compost-project/,101,5,POINT (-74.020433 40.686956),10004
Manhattan,9,Cathedral Parkway (110th St),10:15 AM,06:45 AM,40.80036544799805,110th & Central Park West - SW Corner,-73.95833587646484,park-cemetery-etc-Manhattan,,,Wednesdays,Year Round,GrowNYC,https://www.grownyc.org/compost-go,110,216,POINT (-73.95833323999994 40.80036420000005),10029
Brooklyn,39,Big Reuse Brooklyn,06:00 PM,10:00 AM,40.671722412109375,"One 12th St, Brooklyn, NY, 11215",-73.99671173095703,Park Slope-Gowanus,,,Fridays,Year Round,NYC Compost Project & Community Partners,http://www.bigreuse.org/compost/drop-off-list/,306,119,POINT (-73.996711 40.671721),11215
Brooklyn,36,Mt. Lebanon Fresh Food Box,02:30 PM,11:30 AM,40.683204650878906,462 Halsey Street,-73.93566131591797,Stuyvesant Heights,,,Saturdays,"Seasonal, June-November",GrowNYC,https://www.grownyc.org/greenmarketco/foodbox; http://www.462halsey.com/compost/,303,4000,POINT (-73.935663 40.683203),11233
Manhattan,3,Saint Peter's Church,dusk,dawn,40.74405288696289,346 West 20th Street,-74.00200653076172,Hudson Yards-Chelsea-Flatiron-Union Square,,,Everyday,Year Round,Saint Peter's Church,www.stpeterschelsea.org,104,2000,POINT (-74.00200300000002 40.744053),10011
Manhattan,7,The Brotherhood/Sister Sol,7pm,11am,40.824302673339844,512 West 143rd Street,-73.95000457763672,Hamilton Heights,,,Monday,Year Round,The Brotherhood/Sister Sol,https://brotherhood-sistersol.org/,109,2001,POINT (-73.950001 40.824301),10031
Manhattan,9,FACES NY at 116th,2pm,10am,40.80215835571289,"114 West 116th, 10026",-73.95074462890625,Central Harlem South,,,Monday,Year Round,FACES NY,www.facesny.org,110,2000,POINT (-73.950743 40.802157),10026
Queens,26,Commuter Composting at 21st Street F train,11:00 AM,08:00 AM,40.753997802734375,NW Corner of 21st street at 41st Ave,-73.94242858886719,Queensbridge-Ravenswood-Long Island City,,,Tuesdays,Year Round,NYC Compost Project,,401,25,POINT (-73.94243045999997 40.753996),11101
Bronx,11,Praxis Housing,12:00 PM,9:00 AM,40.896827697753906,4339 White Plains Road,-73.85594177246094,Woodlawn-Wakefield,,,Wednesdays,Year Round,Praxis Housing,,212,2000,POINT (-73.85594 40.896827),10466
Bronx,17,Mary Mitchell Center,06:00 PM,10:00 AM,40.844940185546875,"2007 Mapes Ave, Bronx 10460 at E 178th St",-73.88741302490234,East Tremont,,,Tuesday,Year Round- following the DOE calendar. Please look at https://www.schools.nyc.gov/calendar for closures.,Mary Mitchell Center,http://themarymitchellfyc.org/,206,2001,POINT (-73.887411 40.844941),10460
Manhattan,4,"Dag Hammarskjold Plaza Greenmarket (Closed Thursday, 7/4 - Independence Day)",3pm,8am,40.75299835205078,"East 47 St at 2 Ave,New York,NY, 10017",-73.96988677978516,Turtle Bay-East Midtown,,,Wednesday,Year Round,GrowNYC,http://www.grownyc.org/compost/locations,106,90,POINT (-73.96988742999997 40.752999130000035),10017
Queens,22,Hellgate Farm,08:00 PM,08:00 AM,40.76889419555664,14-33 30th Drive,-73.92994689941406,Old Astoria,,,Sundays,Year Round,Hellgate Farm,https://www.hellgatefarm.com/,401,1004,POINT (-73.929944 40.768893),11102
Manhattan,7,The Brotherhood/Sister Sol,7pm,11am,40.824302673339844,512 West 143rd Street,-73.95000457763672,Hamilton Heights,,,Thursday,Year Round,The Brotherhood/Sister Sol,https://brotherhood-sistersol.org/,109,2001,POINT (-73.950001 40.824301),10031
Manhattan,2,Union Square Greenmarket,5pm,8am,40.736820220947266,"E 17th St & Union Square E, New York, NY",-73.99004364013672,Hudson Yards-Chelsea-Flatiron-Union Square,,,Monday,Year Round,NYC Compost Project,http://www.grownyc.org/compost/locations,105,50,POINT (-73.990043 40.736822),10003
Queens,31,OPEN FOR SEASON: Rockaway Waterfront Alliance R.I.S.E.,07:00 PM,04:00 PM,40.59187698364258,5803 Rockaway Beach Blvd.,-73.78826141357422,Hammels-Arverne-Edgemere,,,Wednesdays,"Seasonal, July-December",Rockaway Waterfront Alliance R.I.S.E.,www.rwalliance.org,414,1029,POINT (-73.788262 40.591877),11692
Manhattan,5,Lenox Hill Neighborhood House Fresh Food Box,6:30pm,3:30pm,40.76649475097656,1st Avenue Between 70th St and 71st St,-73.95695495605469,Lenox Hill-Roosevelt Island,,,Tuesday,Year Round,GrowNYC,http://www.grownyc.org/greenmarketco/foodbox,108,124,POINT (-73.95695733999997 40.766493670000045),10021
Brooklyn,33,Park Church Co-op,09:00 PM,06:00 PM,40.724822998046875,"Park Church Co-op, 129 Russell Street Brooklyn",-73.94465637207031,Greenpoint,,,Wednesdays,Year Round,Park Church Co-op,parkchurchcoop.org,301,4001,POINT (-73.944656 40.724823),11222
Brooklyn,43,4th Avenue Presbyterian Church,Dusk,05:00PM,40.63547134399414,6753 4th Avenue,-74.02279663085938,Bay Ridge,,,Fridays,Year Round,4th Avenue Presbyterian Church,http://www.fourthavenuepresbyterian.org/,310,1004,POINT (-74.0228 40.635473),11220
Manhattan,9,127 Street & Malcolm X Food Scrap Drop Off Site,dusk,dawn,40.80899429321289,77 West 127th Street between Malcolm X Boulevard and 5th Ave,-73.94377899169922,Central Harlem North-Polo Grounds,,,Everyday,Year Round,NYC Compost Project,http://www.lesecologycenter.org/programs/compost/compost-drop-off-locations/,110,3000,POINT (-73.94377700000001 40.808996),10027
Brooklyn,33,"Brooklyn Borough Hall Greenmarket (Closed Thursday, 7/4 - Independence Day)",04:00 PM,08:00 AM,40.693721771240234,"Court St & Montague St, Brooklyn, NY 11201",-73.9904556274414,Brooklyn Heights-Cobble Hill,,,Saturdays,Year Round,GrowNYC,http://www.grownyc.org/compost/locations,302,9,POINT (-73.99045462 40.693721390000064),11201
Bronx,18,OPEN FOR SEASON: Parkchester Greenmarket,02:00 PM,08:00 AM,40.83336639404297,"White Plains Rd & Westchester Ave, Bronx, NY 10472",-73.86192321777344,Parkchester,,,Fridays,"Seasonal Market, June-November",GrowNYC,http://www.grownyc.org/compost/locations,209,72,POINT (-73.861921 40.833367),10472
Manhattan,6,B'nai Jeshurun Community House,9pm,7am,40.790374755859375,270 West 89th Street,-73.97599792480469,Upper West Side,,,Thursday,Year Round,B'nai Jeshrun,www.bj.org,107,4001,POINT (-73.975999 40.79037300000001),10024
Manhattan,9,Garden of Love,6pm,10am,40.80439758300781,302 West 116 Street,-73.95604705810547,Central Harlem South,,,Saturday,Year Round,Garden of Love,,110,2000,POINT (-73.956048 40.804396),10026
Queens,26,Smiling Hogshead Ranch,Dusk,Dawn,40.7431755065918,25-30 Skillman Avenue,-73.94308471679688,Hunters Point-Sunnyside-West Maspeth,,,Everyday,Year Round,"Smiling Hogshead, Inc",smilinghogsheadranch.org,402,1036,POINT (-73.943087 40.743176),11101
Manhattan,7,Dorothy K. McGowan Memorial Garden,4pm,1pm,40.834022521972656,513 West 158th Street,-73.9422607421875,Washington Heights South,,,Saturday,Year Round,Dorothy K. McGowan Memorial Garden,,112,7000,POINT (-73.94226400000001 40.834024),10032
Manhattan,9,Harlem Grown,5pm,9am,40.813804626464844,118 W 134th St,-73.94281768798828,Central Harlem North-Polo Grounds,,,Wednesday,Year Round,Harlem Grown,http://www.harlemgrown.org/,110,1000,POINT (-73.942816 40.813804),10030
Queens,25,St. James Compost,12:00 PM,10:00 AM,40.73834228515625,86-02 Broadway,-73.87782287597656,Elmhurst,,,1st and 3rd Sundays of every month,Year Round,St. James Compost,https://www.instagram.com/stjamescompost/,404,2000,POINT (-73.877826 40.73834200000001),11373
Queens,20,Queens Botanical Garden Public Food Scrap Drop-Off,"4:30 PM(Nov-Mar),06:00PM(Apr-Oct)",08:00 AM,40.751731872558594,"Parking Garden at QBG
42-80 Crommelin Avenue, Flushing, NY 11355",-73.83000183105469,Flushing,,,Tuesdays,Year Round,NYC Compost Project,https://queensbotanical.org,407,1004,POINT (-73.83000300000002 40.751732000000004),11355
Manhattan,7,"Columbia University Greenmarket (Closed Thursday, 7/4 - Independence Day)",1pm,8am,40.806705474853516,"Broadway at West 114 St,New York,NY,10025",-73.96485137939453,Morningside Heights,,,Sunday,Year Round,GrowNYC,http://www.grownyc.org/compost/locations,109,199,POINT (-73.96484934999995 40.806706690000055),10025
Queens,29,Commuter Composting at 63rd Dr. M/R,09:30 AM,07:30 AM,40.7296142578125,"96-14 Queens Blvd, Rego Park, NY 11374",-73.86219787597656,Rego Park,,,Mondays,Year Round,NYC Compost Project,https://queensbotanical.org/farmandcompost/,406,1000,POINT (-73.862201 40.729613),11374
Bronx,17,The Point CDC,6pm,10am,40.81822204589844,940 Garrison Avenue,-73.89046478271484,Hunts Point,,,Tuesday,Year Round,The Point CDC,thepoint.org,202,2005,POINT (-73.890465 40.818221),10474
Bronx,16,BronxWorks Fresh Food Box,6pm,2pm,40.832611083984375,1130 Grand Concourse,-73.91875457763672,East Concourse-Concourse Village,,,Thursday,Year Round,GrowNYC,http://www.grownyc.org/compost/locations,204,1002,POINT (-73.918751 40.83261),10456
Bronx,11,Meg's Community Garden @ Dewitt Clinton High School Campus,Dusk,04:00 PM,40.88145065307617,100 West Mosholu Parkway,-73.88664245605469,Van Cortlandt Village,,,Thursdays,"Seasonal, May-November",James Baldwin Outdoor Learning Center,,207,409,POINT (-73.886643 40.881451),10468
Manhattan,7,157th Street,11am,7am,40.83406066894531,"157th, Broadway, Riverside Drive (Ilka Tanya Payan Park)",-73.94487762451172,Washington Heights South,,,Wednesday,Year Round,GrowNYC,https://www.grownyc.org/compost-go,112,241,POINT (-73.94487993999996 40.83406097000005),10032
Manhattan,2,14th Street Y,9pm,7am,40.7312126159668,344 E 14th Street,-73.98336029052734,East Village,,,Tuesday,Year Round,14th Street Y,https://www.14streety.org/about-us/sustainability/,103,6000,POINT (-73.983363 40.731214),10003
Manhattan,9,Uptown Grand Central Fresh Food Box,7pm,3pm,40.805057525634766,"125th Street at Park Avenue, outside the Metro-North Station",-73.93903350830078,East Harlem North,,,Wednesday,Year Round,GrowNYC,http://www.grownyc.org/greenmarketco/foodbox,111,196,POINT (-73.93903422999995 40.80505733000007),10035
Brooklyn,41,Iso Student Farm,12:00 PM,09:00 AM,40.66746520996094,514 Rockaway Avenue,-73.91048431396484,Brownsville,,,Mondays,Seasonal,Isabahlia LOE Foundation,www.isabahlialoeinc.org,316,1005,POINT (-73.910481 40.66746400000001),11212
Manhattan,3,Hudson River Park's Chelsea Waterside Park at W. 23rd St.,7pm,7am,40.7488899230957,Chelsea Waterside Park at 23rd St. and 11th Ave entrance,-74.00702667236328,Hudson Yards-Chelsea-Flatiron-Union Square,,,Everyday,Year Round,Hudson River Park Trust,https://www.hudsonriverpark.org/,104,99,POINT (-74.00702330999997 40.748891220000075),10011
Brooklyn,41,OPEN FOR SEASON: Phoenix Community Garden,-04:00PM,09:00AM,40.67851638793945,20 Somers Street,-73.91161346435547,Ocean Hill,,,Saturdays,"Seasonal, April-November",Phoenix Community Garden,,316,5002,POINT (-73.911613 40.678515000000004),11233
Manhattan,2,CLOSED FOR SEASON: Peach Tree Garden,8pm,1pm,40.721675872802734,236 East 2nd Street,-73.98201751708984,Lower East Side,,,Saturday,"Seasonal, April-October",Peach Tree Garden,,103,1001,POINT (-73.98202 40.721676),10009
Manhattan,4,OPEN FOR SEASON: Bryant Park,2:30pm,12:30pm,40.75417709350586,6th Avenue and 41st Sreet,-73.9845962524414,Midtown-Midtown South,"For schedule, holiday, and inclement weather updates, please visit: http://bryantpark.org/programs/waste-sorting-concierge",,Wednesday,"Seasonal, May-November",Bryant Park Corporation,http://bryantpark.org/programs/waste-sorting-concierge,105,84,POINT (-73.98459513999995 40.75417679000004),10018
Manhattan,3,Hudson River Park's Pier 84 at W. 44th St.,7pm,7am,40.76311492919922,Pier 84 at W. 44th St. near dog park,-73.99964904785156,Clinton,,,Everyday,Year Round,Hudson River Park Trust,https://www.hudsonriverpark.org/,104,129,POINT (-73.99964983999996 40.763114700000074),10036
Queens,20,Queens Botanical Garden Public Food Scrap Drop-Off,"4:30 PM(Nov-Mar),06:00PM(Apr-Oct)",08:00 AM,40.751731872558594,"Parking Garden at QBG
42-80 Crommelin Avenue, Flushing, NY 11355",-73.83000183105469,Flushing,,,Saturdays,Year Round,NYC Compost Project,https://queensbotanical.org,407,1004,POINT (-73.83000300000002 40.751732000000004),11355
Manhattan,2,Tompkins Square Greenmarket,1pm,8am,40.72605514526367,"E 7th St & Avenue A, New York, NY 10009",-73.98353576660156,East Village,,,Sunday,Year Round,GrowNYC,http://www.grownyc.org/compost/locations,103,32,POINT (-73.98353371999997 40.726053910000076),10009
Manhattan,2,East Side Outside Community Garden,dusk,dawn,40.72938537597656,415 East 11th St.,-73.98302459716797,East Village,,,Everyday,Year Round,East Side Outside Community Garden,reclaimedorganics.org/garden,103,3000,POINT (-73.983024 40.729384),10009
Manhattan,3,Church of the Holy Apostles,dusk,dawn,40.749271392822266,296 Ninth Avenue,-73.99881744384766,Hudson Yards-Chelsea-Flatiron-Union Square,,,Everyday,Year Round,Holy Apostles,holyapostlessoupkitchen.org,104,1001,POINT (-73.99882 40.749271),10001
Bronx,16,"OPENING JULY 10: Learn it, Grow it, Eat it Youthmarket",03:00 PM,10:00 AM,40.831138610839844,McKinley Sq. at 169th St. & Boston Road,-73.90068817138672,Morrisania-Melrose,,,Wednesdays,"Seasonal Market, July-November",GrowNYC,http://www.grownyc.org/compost/locations,203,149,POINT (-73.900686 40.83114),10456
Manhattan,5,OPENING JUNE 23: 92nd Street Greenmarket,01:00 PM,09:00 AM,40.78097915649414,"1st Ave between 92nd and 93rd St,New York,NY,10128",-73.94623565673828,Yorkville,,,Sundays,"Seasonal Market, June-November",GrowNYC,http://www.grownyc.org/compost/locations,108,154,POINT (-73.946239 40.780978),10128
Manhattan,1,Commuter Composting at Grand Street & Clinton Street,11am,8am,40.7159538269043,"Grand Street & Clinton Street (SW corner), Manhattan",-73.98672485351563,Lower East Side,,,Monday,Year Round,NYC Compost Project,www.lesecologycenter.org,103,1401,POINT (-73.98672146999996 40.71595361000004),10002
Manhattan,1,"OPEN FOR SEASON: Earth Matter, Compost Learning Center",04:00 PM,12:00 PM,40.686954498291016,"758 Enright Rd, New York, NY 10004",-74.02043151855469,park-cemetery-etc-Manhattan,,,Sundays,"Seasonal, May-October",NYC Compost Project,https://earthmatter.org/nyc-compost-project/,101,5,POINT (-74.020433 40.686956),10004
Bronx,17,Mary Mitchell Center,06:00 PM,10:00 AM,40.844940185546875,"2007 Mapes Ave, Bronx 10460 at E 178th St",-73.88741302490234,East Tremont,,,Friday,Year Round- following the DOE calendar. Please look at https://www.schools.nyc.gov/calendar for closures.,Mary Mitchell Center,http://themarymitchellfyc.org/,206,2001,POINT (-73.887411 40.844941),10460
Queens,22,Astoria Library,08:00 PM,12:00 PM,40.772377014160156,"14-01 Astoria Blvd, Astoria, NY 11102",-73.92874145507813,Old Astoria,Open during regular/holidy library hours (check the Queens Library website),,Mondays,Year Round,NYC Compost Project,"http://www.queenslibrary.org/branch/Astoria

http://www.bigreuse.org/compost/drop-off-list/",401,2001,POINT (-73.92874200000001 40.772376),11102
Manhattan,1,Judson Memorial Church,1pm,10am,40.73020935058594,243 Thompson Street,-73.9984130859375,West Village,,,Sunday,Year Round,Judson Memorial Church,judson.org,102,1005,POINT (-73.998416 40.730208),10012
Bronx,17,OPEN FOR SEASON: New Roots Community Farm,7pm,3pm,40.82124328613281,670 Grand Concourse,-73.92504119873047,East Concourse-Concourse Village,,,Tuesday,"Seasonal, April-October",New Roots Community Farm/ International Rescue Committee,,204,2001,POINT (-73.925043 40.821243),10451
Manhattan,6,B'nai Jeshurun Community House,9pm,7am,40.790374755859375,270 West 89th Street,-73.97599792480469,Upper West Side,,,Wednesday,Year Round,B'nai Jeshrun,www.bj.org,107,4001,POINT (-73.975999 40.79037300000001),10024
Queens,22,Astoria Library,05:00 PM,10:00 AM,40.772377014160156,"14-01 Astoria Blvd, Astoria, NY 11102",-73.92874145507813,Old Astoria,,,Saturdays,Year Round,NYC Compost Project,"http://www.queenslibrary.org/branch/Astoria

http://www.bigreuse.org/compost/drop-off-list/",401,2001,POINT (-73.92874200000001 40.772376),11102
Manhattan,6,79th St Greenmarket,1pm,9am,40.781951904296875,Columbus Avenue and 79th Street,-73.97547912597656,Upper West Side,,,Sunday,Year Round,GrowNYC,http://www.grownyc.org/compost/locations,107,165,POINT (-73.97548204999998 40.78195198000003),10024
Manhattan,6,OPEN FOR SEASON: 57th St Greenmarket,1pm,8am,40.76911544799805,10th Avenue & West 57th Street,-73.98855590820313,Clinton,,,Wednesday,"Seasonal Market, June-December",GrowNYC,http://www.grownyc.org/compost/locations,104,135,POINT (-73.98855928999996 40.76911688000007),10019
